skill_canonical,Data Analysis,SQL,Business Analysis,Python,finance,Java,R,Machine Learning,SAS,digital marketing,JavaScript,Excel,project management,seo,sales
Data Analysis,1.0,0.188,0.086,0.148,0.017,0.016,0.191,0.111,0.267,0.004,0.039,0.167,0.055,0.025,0.025
SQL,0.188,1.0,0.058,0.236,0.008,0.165,0.177,0.092,0.148,0.005,0.137,0.159,0.019,0.009,0.003
Business Analysis,0.086,0.058,1.0,0.023,0.026,0.003,0.033,0.011,0.058,0.0,0.009,0.063,0.057,0.0,0.025
Python,0.148,0.236,0.023,1.0,0.004,0.215,0.33,0.422,0.107,0.001,0.1,0.012,0.011,0.0,0.012
finance,0.017,0.008,0.026,0.004,1.0,0.008,0.011,0.004,0.012,0.002,0.0,0.051,0.011,0.0,0.022
Java,0.016,0.165,0.003,0.215,0.008,1.0,0.056,0.102,0.004,0.003,0.228,0.008,0.021,0.0,0.004
R,0.191,0.177,0.033,0.33,0.011,0.056,1.0,0.364,0.371,0.003,0.002,0.101,0.007,0.0,0.021
Machine Learning,0.111,0.092,0.011,0.422,0.004,0.102,0.364,1.0,0.092,0.002,0.002,0.021,0.0,0.0,0.012
SAS,0.267,0.148,0.058,0.107,0.012,0.004,0.371,0.092,1.0,0.008,0.002,0.124,0.021,0.0,0.016
digital marketing,0.004,0.005,0.0,0.001,0.002,0.003,0.003,0.002,0.008,1.0,0.0,0.006,0.007,0.484,0.069
JavaScript,0.039,0.137,0.009,0.1,0.0,0.228,0.002,0.002,0.002,0.0,1.0,0.004,0.008,0.017,0.0
Excel,0.167,0.159,0.063,0.012,0.051,0.008,0.101,0.021,0.124,0.006,0.004,1.0,0.021,0.004,0.035
project management,0.055,0.019,0.057,0.011,0.011,0.021,0.007,0.0,0.021,0.007,0.008,0.021,1.0,0.002,0.022
seo,0.025,0.009,0.0,0.0,0.0,0.0,0.0,0.0,0.0,0.484,0.017,0.004,0.002,1.0,0.025
sales,0.025,0.003,0.025,0.012,0.022,0.004,0.021,0.012,0.016,0.069,0.0,0.035,0.022,0.025,1.0
